<?xml version="1.0" encoding="UTF-8"?>
<project-private xmlns="http://www.netbeans.org/ns/project-private/1">
    <editor-bookmarks xmlns="http://www.netbeans.org/ns/editor-bookmarks/2" lastBookmarkId="0"/>
    <open-files xmlns="http://www.netbeans.org/ns/projectui-open-files/2">
        <group>
            <file>file:/Users/macbookpro/NetBeansProjects/hospitalmgmt/web/login.css</file>
            <file>file:/Users/macbookpro/NetBeansProjects/hospitalmgmt/web/hosp.jsp</file>
            <file>file:/Users/macbookpro/NetBeansProjects/hospitalmgmt/web/login.html</file>
            <file>file:/Users/macbookpro/NetBeansProjects/hospitalmgmt/web/signup.jsp</file>
            <file>file:/Users/macbookpro/NetBeansProjects/hospitalmgmt/web/sign.html</file>
            <file>file:/Users/macbookpro/NetBeansProjects/hospitalmgmt/web/about.html</file>
            <file>file:/Users/macbookpro/NetBeansProjects/hospitalmgmt/web/index.html</file>
            <file>file:/Users/macbookpro/NetBeansProjects/hospitalmgmt/web/contact.html</file>
            <file>file:/Users/macbookpro/NetBeansProjects/hospitalmgmt/src/conf/MANIFEST.MF</file>
            <file>file:/Users/macbookpro/NetBeansProjects/hospitalmgmt/web/css/bootstrap.css</file>
            <file>file:/Users/macbookpro/NetBeansProjects/hospitalmgmt/web/doctor.html</file>
            <file>file:/Users/macbookpro/NetBeansProjects/hospitalmgmt/web/signup.css</file>
            <file>file:/Users/macbookpro/NetBeansProjects/hospitalmgmt/web/index.jsp</file>
            <file>file:/Users/macbookpro/NetBeansProjects/hospitalmgmt/web/login.jsp</file>
        </group>
    </open-files>
</project-private>
